Epoch,Accuracy,TrainLoss
1,12.5,2.22565
2,18.75,2.2645
3,6.25,2.25855
4,31.25,2.01684
5,43.75,1.77441
6,50,1.84882
7,75,1.72989
8,62.5,1.49966
9,37.5,1.98904
10,56.25,1.65436
11,37.5,1.75036
12,56.25,1.83409
13,93.75,1.20879
14,81.25,1.13846
15,62.5,1.45543
16,68.75,1.35765
17,56.25,1.42281
18,68.75,1.29737
19,81.25,0.890263
20,75,1.01417
21,68.75,1.05501
22,68.75,1.11415
23,87.5,0.846311
24,81.25,0.807722
25,75,0.912463
26,81.25,0.721023
27,81.25,0.685146
28,87.5,0.745747
29,81.25,0.85306
30,75,0.741313
31,75,1.14409
32,50,1.58277
33,75,0.749046
34,75,1.08841
35,81.25,0.641843
36,81.25,0.536305
37,75,0.949583
38,81.25,0.810084
39,81.25,0.58287
40,68.75,1.0561
41,75,0.694687
42,81.25,0.863311
43,75,0.453812
44,68.75,0.75226
45,68.75,0.816505
46,81.25,0.621618
47,81.25,0.676651
48,68.75,0.73625
49,62.5,1.04542
50,87.5,0.358427
51,93.75,0.387215
52,87.5,0.422512
53,68.75,0.938441
54,87.5,0.887696
55,75,0.785524
56,75,0.669117
57,68.75,1.0076
58,81.25,0.75214
59,75,0.56209
60,87.5,0.395779
61,75,0.618816
62,100,0.245482
63,56.25,0.759767
64,81.25,0.57973
65,43.75,0.976549
66,81.25,0.683484
67,68.75,0.697327
68,81.25,1.10373
69,81.25,0.728786
70,81.25,0.635203
71,75,0.952705
72,75,0.938258
73,93.75,0.315086
74,100,0.299265
75,87.5,0.302178
76,87.5,0.364622
77,75,0.615201
78,87.5,0.836278
79,81.25,0.410711
80,81.25,0.442746
81,75,0.765156
82,87.5,0.327119
83,93.75,0.323299
84,81.25,0.611929
85,81.25,0.979413
86,68.75,0.909061
87,75,0.869346
88,87.5,0.462024
89,81.25,0.458335
90,81.25,0.400214
91,75,0.492576
92,93.75,0.301517
93,93.75,0.449541
94,93.75,0.205441
95,81.25,0.788049
96,75,0.566293
97,93.75,0.355126
98,87.5,0.502444
99,81.25,0.507982
100,100,0.212416
101,93.75,0.413167
102,87.5,0.37452
103,93.75,0.362222
104,93.75,0.383313
105,87.5,0.612245
106,87.5,0.320106
107,100,0.128066
108,93.75,0.228376
109,87.5,0.261987
110,87.5,0.303791
111,100,0.232555
112,87.5,0.647681
113,87.5,0.27996
114,81.25,0.66046
115,93.75,0.430307
116,81.25,0.412497
117,81.25,0.591023
118,93.75,0.206796
119,100,0.182808
120,87.5,0.3769
121,81.25,0.497405
122,81.25,0.540026
123,93.75,0.183431
124,87.5,0.371585
125,100,0.143415
126,87.5,0.400359
127,87.5,0.33688
128,75,1.02403
129,93.75,0.176304
130,87.5,0.586404
131,93.75,0.221128
132,93.75,0.515497
133,93.75,0.236145
134,68.75,0.502818
135,100,0.0565797
136,93.75,0.224114
137,93.75,0.331148
138,93.75,0.227613
139,87.5,0.586067
140,100,0.154521
141,93.75,0.275114
142,93.75,0.1957
143,87.5,0.350542
144,93.75,0.152875
145,100,0.106262
146,87.5,0.639235
147,87.5,0.360548
148,81.25,0.457099
149,75,0.599338
150,87.5,0.348475
151,81.25,0.766358
152,81.25,0.457553
153,81.25,0.409817
154,81.25,0.371375
155,100,0.0963517
156,93.75,0.221655
157,100,0.0844574
158,100,0.105211
159,100,0.118485
160,87.5,0.379753
161,87.5,0.325122
162,93.75,0.205169
163,93.75,0.131998
164,81.25,0.699002
165,87.5,0.471105
166,87.5,0.167776
167,87.5,0.420383
168,87.5,0.808032
169,93.75,0.194731
170,81.25,0.469169
171,93.75,0.268865
172,87.5,0.457335
173,87.5,0.442636
174,93.75,0.203883
175,93.75,0.371693
176,87.5,0.463219
177,93.75,0.211601
178,81.25,0.402144
179,100,0.269978
180,100,0.0314192
181,75,0.418633
182,87.5,0.363879
183,100,0.104707
184,87.5,0.30423
185,87.5,0.434065
186,93.75,0.291414
187,87.5,0.375937
188,93.75,0.193755
189,93.75,0.319695
190,81.25,0.547513
191,93.75,0.232008
192,93.75,0.472423
193,100,0.14746
194,87.5,0.398354
195,100,0.181454
196,93.75,0.22118
197,100,0.156894
198,93.75,0.176051
199,93.75,0.19934
200,100,0.152337
201,87.5,0.564937
202,87.5,0.545893
203,100,0.0444629
204,93.75,0.194554
205,87.5,0.667913
206,81.25,0.354887
207,100,0.156363
208,93.75,0.23196
209,100,0.0442248
210,93.75,0.256221
211,87.5,0.63587
212,93.75,0.407895
213,93.75,0.544442
214,93.75,0.30883
215,93.75,0.323469
216,93.75,0.162107
217,93.75,0.18948
218,87.5,0.24934
219,93.75,0.200772
220,87.5,0.47819
221,87.5,0.585516
222,93.75,0.237119
223,93.75,0.119336
224,87.5,0.367911
225,93.75,0.124906
226,93.75,0.134736
227,93.75,0.193001
228,93.75,0.252711
229,93.75,0.262208
230,87.5,0.40781
231,81.25,0.948228
232,87.5,0.228625
233,93.75,0.422739
234,87.5,0.666622
235,100,0.140414
236,81.25,0.689849
237,93.75,0.230837
238,87.5,0.400235
239,87.5,0.526718
240,87.5,0.228396
241,100,0.0862668
242,100,0.0791157
243,93.75,0.482828
244,100,0.074504
245,93.75,0.206423
246,100,0.10321
247,100,0.0952215
248,87.5,0.230378
249,93.75,0.312527
250,93.75,0.180584
251,81.25,0.352565
252,93.75,0.248589
253,100,0.0764282
254,81.25,0.641525
255,87.5,0.711084
256,100,0.085326
257,87.5,0.340968
258,100,0.113
259,93.75,0.308406
260,68.75,0.912022
261,87.5,0.322253
262,75,0.674823
263,93.75,0.203935
264,100,0.0949007
265,87.5,0.245445
266,93.75,0.173692
267,93.75,0.20839
268,87.5,0.437232
269,100,0.0576232
270,87.5,0.504992
271,87.5,0.440312
272,100,0.0939038
273,87.5,0.4264
274,87.5,0.333779
275,87.5,0.238979
276,93.75,0.211856
277,100,0.090637
278,100,0.109846
279,93.75,0.21726
280,87.5,0.385072
281,100,0.107749
282,81.25,0.772395
283,93.75,0.197468
284,100,0.0328192
285,100,0.0624894
286,93.75,0.121274
287,93.75,0.197012
288,93.75,0.186179
289,100,0.0437495
290,75,0.65156
291,81.25,0.481248
292,87.5,0.314893
293,93.75,0.12842
294,81.25,0.470025
295,87.5,0.188869
296,100,0.145049
297,100,0.0931819
298,93.75,0.429011
299,93.75,0.143977
300,81.25,0.652802
301,81.25,0.385869
302,87.5,0.325324
303,68.75,0.759724
304,93.75,0.15497
305,100,0.107706
306,100,0.0985215
307,87.5,0.337209
308,100,0.0985064
309,93.75,0.3024
310,81.25,0.649701
311,93.75,0.521767
312,93.75,0.143943
313,100,0.08911
314,93.75,0.403149
315,100,0.15287
316,93.75,0.382698
317,87.5,0.309682
318,81.25,0.407986
319,87.5,0.229602
320,93.75,0.177688
321,87.5,0.319626
322,81.25,0.494393
323,75,0.539828
324,81.25,0.694719
325,87.5,0.457756
326,100,0.0854075
327,100,0.0836992
328,93.75,0.205765
329,93.75,0.257849
330,100,0.0585801
331,100,0.0780393
332,81.25,0.853298
333,87.5,0.26232
334,87.5,0.302939
335,100,0.0346844
336,93.75,0.465037
337,87.5,0.339866
338,100,0.109207
339,87.5,0.260741
340,93.75,0.164631
341,93.75,0.189949
342,100,0.0628397
343,87.5,0.289284
344,100,0.0553185
345,93.75,0.103931
346,93.75,0.167667
347,75,0.59382
348,87.5,0.629499
349,100,0.0813908
350,93.75,0.128862
351,81.25,0.356749
352,75,0.543716
353,87.5,0.407866
354,93.75,0.173603
355,87.5,0.255298
356,93.75,0.209138
357,81.25,0.404608
358,93.75,0.27411
359,75,0.543319
360,93.75,0.190171
361,93.75,0.152401
362,100,0.0442147
363,87.5,0.396949
364,100,0.0764947
365,93.75,0.233657
366,93.75,0.754971
367,100,0.104103
368,93.75,0.338681
369,81.25,0.917718
370,100,0.140604
371,100,0.125836
372,93.75,0.289663
373,100,0.144648
374,93.75,0.479843
375,100,0.0454043
376,100,0.0453416
377,100,0.0233968
378,93.75,0.262798
379,93.75,0.0673735
380,93.75,0.229181
381,93.75,0.203065
382,87.5,0.485525
383,100,0.0747881
384,93.75,0.391062
385,100,0.0563025
386,100,0.0818241
387,100,0.061408
388,87.5,0.314949
389,87.5,0.282141
390,93.75,0.146032
391,93.75,0.241703
392,93.75,0.347429
393,93.75,0.234552
394,100,0.155893
395,100,0.138967
396,100,0.128174
397,93.75,0.210863
398,87.5,0.305225
399,93.75,0.131408
400,81.25,0.342505
401,100,0.0727181
402,75,0.637428
403,100,0.0588077
404,87.5,0.34585
405,81.25,0.916223
406,100,0.114729
407,87.5,0.214568
408,100,0.102512
409,100,0.102896
410,87.5,0.530735
411,93.75,0.266168
412,100,0.107962
413,87.5,0.402826
414,100,0.0452012
415,93.75,0.281677
416,100,0.0888518
417,87.5,0.575697
418,93.75,0.107889
419,93.75,0.245951
420,93.75,0.382468
421,87.5,0.217969
422,93.75,0.130648
423,93.75,0.399088
424,100,0.0986015
425,87.5,0.283543
426,87.5,0.388527
427,87.5,0.274896
428,87.5,0.283923
429,81.25,0.667839
430,93.75,0.521206
431,81.25,0.743584
432,87.5,0.24365
433,75,0.509294
434,68.75,0.389567
435,93.75,0.220541
436,87.5,0.331753
437,81.25,0.393642
438,87.5,0.298084
439,81.25,0.842437
440,87.5,0.372882
441,87.5,0.226005
442,81.25,0.499017
443,93.75,0.212555
444,100,0.0649468
445,100,0.0768625
446,87.5,0.198715
447,81.25,0.668489
448,93.75,0.185857
449,93.75,0.177056
450,87.5,0.289334
451,81.25,0.409677
452,87.5,0.488608
453,75,0.542857
454,100,0.116668
455,87.5,0.475151
456,93.75,0.376132
457,87.5,0.592298
458,100,0.0745579
459,93.75,0.241196
460,87.5,0.370978
461,87.5,0.183095
462,87.5,0.288616
463,93.75,0.241306
464,100,0.0588473
465,93.75,0.236083
466,93.75,0.259615
467,100,0.122907
468,93.75,0.177562
469,93.75,0.200591
470,93.75,0.22121
471,87.5,0.441856
472,93.75,0.186937
473,100,0.0308456
474,100,0.0289484
475,81.25,0.827064
476,81.25,0.288482
477,93.75,0.260115
478,93.75,0.403208
479,100,0.0192981
480,87.5,0.348346
481,93.75,0.116667
482,100,0.0507813
483,100,0.137672
484,87.5,0.467139
485,100,0.068352
486,87.5,0.438465
487,100,0.107474
488,100,0.0665525
489,87.5,0.285648
490,93.75,0.394105
491,75,0.675758
492,100,0.0660458
493,75,0.866729
494,93.75,0.221957
495,100,0.0986266
496,93.75,0.159734
497,100,0.0218244
498,87.5,0.269502
499,87.5,0.196733
500,81.25,0.51521
501,81.25,0.455582
502,93.75,0.153699
503,100,0.0805735
504,87.5,0.27087
505,93.75,0.0904216
506,100,0.0764905
507,87.5,0.206715
508,68.75,0.992687
509,100,0.0394639
510,81.25,0.349545
511,100,0.0445748
512,87.5,0.186724
513,87.5,0.829862
514,93.75,0.277624
515,87.5,0.521845
516,87.5,0.19581
517,87.5,0.540978
518,93.75,0.180009
519,75,0.698531
520,100,0.124441
521,93.75,0.203053
522,93.75,0.127284
523,93.75,0.122844
524,93.75,0.115983
525,93.75,0.191892
526,93.75,0.141635
527,100,0.121733
528,75,0.706286
529,87.5,0.830981
530,81.25,0.520147
531,87.5,0.283459
532,93.75,0.180788
533,93.75,0.170734
534,100,0.0461605
535,87.5,0.237449
536,93.75,0.193033
537,93.75,0.133133
538,93.75,0.192328
539,87.5,0.249037
540,87.5,0.65529
541,93.75,0.243731
542,93.75,0.342865
543,93.75,0.327751
544,68.75,1.10695
545,81.25,1.00109
546,75,1.44737
547,100,0.160598
548,81.25,0.541073
549,93.75,0.41029
550,81.25,0.312292
551,100,0.195626
552,87.5,0.405963
553,81.25,0.661197
554,56.25,1.03096
555,93.75,0.310729
556,87.5,0.336157
557,87.5,0.607093
558,87.5,0.439927
559,93.75,0.10655
560,100,0.0806236
561,93.75,0.249055
562,93.75,0.101283
563,87.5,0.300326
564,93.75,0.307514
565,100,0.0400755
566,93.75,0.160325
567,93.75,0.0866141
568,81.25,0.489837
569,93.75,0.280694
570,75,0.666854
571,93.75,0.177154
572,87.5,0.332496
573,100,0.229256
574,93.75,0.352622
575,100,0.122866
576,100,0.100357
577,87.5,0.463494
578,100,0.192296
579,87.5,0.462322
580,100,0.17043
581,93.75,0.441717
582,100,0.0276666
583,100,0.125142
584,87.5,0.478889
585,87.5,0.282987
586,93.75,0.261616
587,75,0.588421
588,87.5,0.225452
589,93.75,0.143097
590,75,0.679263
591,81.25,0.388585
592,100,0.0479869
593,93.75,0.348404
594,100,0.0735307
595,93.75,0.248401
596,87.5,0.307949
597,100,0.0583611
598,81.25,0.621557
599,93.75,0.183993
600,87.5,0.376114
601,100,0.12271
602,100,0.0844786
603,100,0.177641
604,100,0.153092
605,93.75,0.172183
606,100,0.0268051
607,100,0.0149299
608,100,0.0966466
609,87.5,0.22846
610,93.75,0.153703
611,93.75,0.478416
612,87.5,0.634213
613,100,0.0597323
614,87.5,0.315197
615,93.75,0.108693
616,100,0.00819709
617,87.5,0.45677
618,100,0.101285
619,100,0.0335742
620,100,0.0366682
621,100,0.0664522
622,81.25,0.392317
623,93.75,0.133371
624,87.5,0.269024
625,100,0.0798618
626,87.5,0.16259
627,93.75,0.146139
628,87.5,0.743759
629,100,0.0675092
630,93.75,0.322056
631,87.5,0.264565
632,100,0.0578209
633,93.75,0.27624
634,100,0.0306569
635,93.75,0.307607
636,87.5,0.352519
637,93.75,0.190062
638,81.25,0.538655
639,87.5,0.556074
640,93.75,0.273853
641,100,0.0551696
642,93.75,0.166482
643,93.75,0.410275
644,93.75,0.166534
645,93.75,0.168115
646,100,0.0917958
647,100,0.0183339
648,93.75,0.344159
649,93.75,0.151147
650,100,0.0869622
651,93.75,0.110102
652,100,0.0197115
653,81.25,0.592457
654,93.75,0.131447
655,93.75,0.133647
656,87.5,0.446529
657,100,0.050595
658,93.75,0.132814
659,100,0.0118683
660,100,0.0310311
661,93.75,0.23805
662,100,0.0680063
663,100,0.0664482
664,100,0.0577024
665,100,0.0424485
666,93.75,0.505358
667,93.75,0.20008
668,93.75,0.200381
669,100,0.0319818
670,93.75,0.152118
671,100,0.0655152
672,87.5,0.544572
673,87.5,0.465447
674,87.5,0.244863
675,93.75,0.129789
676,100,0.108213
677,100,0.0595404
678,100,0.103739
679,87.5,0.533353
680,100,0.0600817
681,87.5,0.347195
682,100,0.0233066
683,100,0.0479677
684,93.75,0.337905
685,93.75,0.102214
686,100,0.0274838
687,93.75,0.186805
688,93.75,0.319398
689,100,0.0509661
690,87.5,0.647133
691,87.5,0.311055
692,93.75,0.0692774
693,100,0.121954
694,100,0.0448812
695,93.75,0.227838
696,93.75,0.203474
697,100,0.0328542
698,93.75,0.304752
699,100,0.0246865
700,93.75,0.10411
701,81.25,0.45457
702,93.75,0.0823983
703,87.5,0.418618
704,100,0.0457916
705,100,0.0283505
706,100,0.111185
707,100,0.0772209
708,100,0.0273405
709,100,0.0626735
710,100,0.0201974
711,93.75,0.175191
712,87.5,0.239707
713,100,0.0467313
714,93.75,0.126502
715,81.25,0.388539
716,93.75,0.146809
717,100,0.0989277
718,93.75,0.299658
719,93.75,0.221939
720,93.75,0.139481
721,93.75,0.54074
722,87.5,0.342651
723,93.75,0.0901178
724,62.5,1.18884
725,100,0.110765
726,93.75,0.322753
727,81.25,0.226333
728,87.5,0.43901
729,87.5,0.312344
730,100,0.0360425
731,93.75,0.181702
732,81.25,0.696633
733,100,0.0670847
734,100,0.150725
735,100,0.121101
736,93.75,0.436512
737,100,0.0991987
738,93.75,0.207861
739,93.75,0.33171
740,100,0.117532
741,87.5,0.242603
742,93.75,0.209287
743,87.5,0.208049
744,100,0.0565023
745,100,0.040947
746,93.75,0.159111
747,81.25,0.699762
748,100,0.101721
749,93.75,0.157741
750,100,0.13356
751,87.5,0.197232
752,87.5,0.36907
753,93.75,0.115579
754,87.5,0.352021
755,87.5,0.431911
756,100,0.0327404
757,100,0.0502708
758,87.5,0.243578
759,100,0.023825
760,100,0.0384457
761,93.75,0.0901816
762,93.75,0.166847
763,93.75,0.155724
764,93.75,0.457764
765,87.5,0.360081
766,100,0.044373
767,87.5,0.284387
768,93.75,0.309199
769,93.75,0.23863
770,93.75,0.196604
771,93.75,0.124642
772,93.75,0.283337
773,100,0.0741316
774,68.75,0.554901
775,87.5,0.170398
776,100,0.022635
777,93.75,0.130782
778,81.25,0.315903
779,100,0.0680338
780,81.25,0.403776
781,75,0.350125
782,93.75,0.361504
783,93.75,0.13848
784,100,0.021297
785,87.5,0.870138
786,93.75,0.143473
787,87.5,0.45879
788,81.25,0.465321
789,87.5,0.66602
790,93.75,0.132237
791,81.25,1.11192
792,81.25,0.222099
793,87.5,0.34175
794,87.5,0.392784
795,93.75,0.0877576
796,100,0.0419889
797,87.5,0.393173
798,93.75,0.208531
799,93.75,0.267078
800,87.5,0.400254
801,81.25,0.310852
802,100,0.0818762
803,93.75,0.292918
804,100,0.0282146
805,93.75,0.212642
806,100,0.100002
807,87.5,0.312622
808,100,0.0453995
809,93.75,0.279902
810,87.5,0.242867
811,81.25,0.534545
812,93.75,0.158414
813,100,0.0844027
814,87.5,0.421475
815,93.75,0.506231
816,100,0.0896884
817,87.5,0.206977
818,81.25,0.918908
819,93.75,0.21315
820,93.75,0.237069
821,87.5,0.331269
822,87.5,0.44453
823,100,0.0710497
824,100,0.0402576
825,81.25,0.512207
826,100,0.0537056
827,100,0.00651771
828,100,0.0290619
829,87.5,0.41487
830,100,0.0457303
831,100,0.0398641
832,93.75,0.116643
833,93.75,0.215326
834,87.5,0.16668
835,100,0.105187
836,100,0.186625
837,87.5,0.398802
838,93.75,0.147517
839,93.75,0.119409
840,87.5,0.334846
841,93.75,0.174434
842,100,0.0762498
843,100,0.0377419
844,100,0.0393151
845,81.25,0.478359
846,81.25,0.412127
847,93.75,0.170272
848,100,0.0443335
849,93.75,0.0756746
850,100,0.0686779
851,100,0.0730141
852,93.75,0.18447
853,93.75,0.24592
854,87.5,0.487479
855,93.75,0.49723
856,100,0.0987344
857,87.5,0.330362
858,81.25,0.462715
859,93.75,0.110123
860,93.75,0.277412
861,93.75,0.158126
862,100,0.0720049
863,93.75,0.236788
864,100,0.108768
865,81.25,0.546921
866,93.75,0.17313
867,100,0.0265629
868,100,0.0730844
869,93.75,0.146325
870,87.5,0.266341
871,81.25,0.478151
872,100,0.0867261
873,100,0.0934073
874,81.25,0.824325
875,81.25,0.380521
876,87.5,0.270995
877,100,0.0690663
878,100,0.0379701
879,93.75,0.0805236
880,81.25,0.782933
881,93.75,0.169876
882,87.5,0.539285
883,93.75,0.15038
884,93.75,0.127661
885,93.75,0.388173
886,100,0.070549
887,87.5,0.272659
888,93.75,0.356614
889,87.5,0.414605
890,93.75,0.0969645
891,93.75,0.289517
892,93.75,0.186815
893,87.5,0.351741
894,93.75,0.186196
895,93.75,0.14708
896,87.5,0.387909
897,87.5,0.304785
898,100,0.11785
899,87.5,0.575911
900,93.75,0.181258
901,93.75,0.329077
902,100,0.0207049
903,87.5,0.185051
904,100,0.0677309
905,100,0.0480401
906,100,0.10477
907,87.5,0.260831
908,93.75,0.105027
909,93.75,0.281916
910,100,0.0978358
911,100,0.0487944
912,81.25,0.594715
913,93.75,0.189833
914,87.5,0.286526
915,81.25,0.306475
916,87.5,0.468192
917,87.5,0.259315
918,93.75,0.179696
919,87.5,0.367033
920,87.5,0.271058
921,100,0.196449
922,87.5,0.33194
923,62.5,0.972918
924,93.75,0.09725
925,81.25,0.720508
926,93.75,0.179694
927,93.75,0.1827
928,100,0.127132
929,93.75,0.25445
930,100,0.106709
931,87.5,0.237823
932,100,0.0689122
933,93.75,0.181353
934,100,0.0116408
935,100,0.0470995
936,93.75,0.298416
937,93.75,0.106885
938,93.75,0.22287
939,100,0.101217
940,93.75,0.127567
941,100,0.0414552
942,93.75,0.360768
943,100,0.0393102
944,100,0.0126563
945,81.25,0.7504
946,100,0.149094
947,100,0.113116
948,81.25,0.398014
949,87.5,0.264286
950,93.75,0.169153
951,93.75,0.0885996
952,93.75,0.11442
953,81.25,0.654037
954,93.75,0.252204
955,93.75,0.328062
956,93.75,0.154057
957,100,0.0417899
958,100,0.0726049
959,93.75,0.234149
960,93.75,0.160158
961,93.75,0.239717
962,93.75,0.149178
963,87.5,0.424126
964,93.75,0.174196
965,87.5,0.328548
966,100,0.0259364
967,93.75,0.23071
968,93.75,0.169935
969,87.5,0.5101
970,81.25,0.32356
971,87.5,0.286638
972,100,0.122493
973,93.75,0.152306
974,100,0.0503606
975,100,0.0916509
976,87.5,0.291112
977,100,0.0560432
978,100,0.0215707
979,100,0.0375768
980,93.75,0.137843
981,100,0.0520663
982,93.75,0.0831156
983,93.75,0.171158
984,75,0.572466
985,87.5,0.26392
986,81.25,0.400655
987,81.25,0.415479
988,100,0.0983672
989,100,0.0321958
990,93.75,0.167631
991,81.25,0.490164
992,93.75,0.193601
993,87.5,0.347595
994,87.5,0.340271
995,93.75,0.194597
996,100,0.0382098
997,87.5,0.876967
998,100,0.0481232
999,100,0.108652
1000,87.5,0.369224
1001,93.75,0.215829
1002,93.75,0.24042
1003,75,1.13102
1004,93.75,0.0799212
1005,93.75,0.0930005
1006,93.75,0.099954
1007,93.75,0.21595
1008,100,0.0813444
1009,93.75,0.190956
1010,93.75,0.110412
1011,100,0.0382322
1012,100,0.0661417
1013,93.75,0.272796
1014,93.75,0.106828
1015,100,0.00917953
1016,100,0.0275989
1017,93.75,0.149028
1018,87.5,0.213872
1019,100,0.1161
1020,93.75,0.0800553
1021,100,0.0459316
1022,100,0.0848172
1023,100,0.013844
1024,93.75,0.206475
1025,100,0.0458779
1026,93.75,0.112794
1027,93.75,0.112757
1028,87.5,0.48561
1029,93.75,0.174087
1030,100,0.0768786
1031,87.5,0.594065
1032,93.75,0.104617
1033,93.75,0.0679495
1034,93.75,0.149775
1035,93.75,0.129752
1036,87.5,0.530304
1037,93.75,0.0818542
1038,100,0.0742254
1039,100,0.0124861
1040,93.75,0.122672
1041,100,0.144491
1042,93.75,0.349985
1043,93.75,0.18967
1044,100,0.115992
1045,87.5,0.423636
1046,100,0.0801971
1047,93.75,0.201263
1048,93.75,0.308219
1049,87.5,0.275748
1050,93.75,0.232649
1051,100,0.0626137
1052,93.75,0.146189
1053,100,0.0487863
1054,100,0.100056
1055,93.75,0.30685
1056,93.75,0.170374
1057,93.75,0.224131
1058,93.75,0.194053
1059,93.75,0.201512
1060,93.75,0.161125
1061,93.75,0.230471
1062,81.25,0.412235
1063,93.75,0.176005
1064,87.5,0.499358
1065,93.75,0.122813
1066,93.75,0.162088
1067,100,0.0497465
1068,93.75,0.243433
1069,100,0.0581265
1070,93.75,0.399506
1071,93.75,0.201681
1072,100,0.0124094
1073,100,0.00644799
1074,100,0.0860829
1075,87.5,0.254428
1076,93.75,0.112662
1077,87.5,0.456469
1078,100,0.152279
1079,100,0.0357237
1080,100,0.0118966
1081,93.75,0.15984
1082,100,0.061195
1083,100,0.0345304
1084,100,0.0109017
1085,100,0.0289687
1086,93.75,0.166326
1087,87.5,0.144883
1088,93.75,0.385713
1089,87.5,0.425552
1090,100,0.0269818
1091,100,0.0466426
1092,93.75,0.109283
1093,93.75,0.199574
1094,81.25,0.550985
1095,100,0.0548929
1096,100,0.0535948
1097,87.5,0.648086
1098,93.75,0.112213
1099,93.75,0.211173
1100,81.25,0.806372
1101,100,0.0445634
1102,93.75,0.10286
1103,100,0.0881135
1104,93.75,0.183439
1105,100,0.0827942
1106,87.5,0.293564
1107,81.25,0.478093
1108,87.5,0.285257
1109,81.25,0.502001
1110,100,0.0389496
1111,87.5,0.493868
1112,100,0.0144528
1113,87.5,0.340613
1114,75,0.52312
1115,93.75,0.169207
1116,100,0.0363314
1117,87.5,0.273613
1118,100,0.0168489
1119,93.75,0.26059
1120,87.5,0.246615
1121,93.75,0.096622
1122,87.5,0.351695
1123,87.5,0.322193
1124,100,0.0145518
1125,93.75,0.2659
1126,87.5,0.438467
1127,93.75,0.197286
1128,100,0.0264099
1129,93.75,0.299692
1130,100,0.0243026
1131,93.75,0.154808
1132,93.75,0.643308
1133,100,0.0494079
1134,87.5,0.217602
1135,93.75,0.076929
1136,93.75,0.318083
1137,100,0.042404
1138,100,0.0207905
1139,93.75,0.102793
1140,100,0.0569144
1141,100,0.0952682
1142,100,0.0115765
1143,100,0.0394186
1144,93.75,0.274146
1145,100,0.0310036
1146,93.75,0.313495
1147,87.5,0.643453
1148,100,0.0287496
1149,100,0.0661157
1150,93.75,0.216339
1151,100,0.0742591
1152,93.75,0.273284
1153,93.75,0.149765
1154,100,0.0387673
1155,100,0.0245511
1156,87.5,0.406542
1157,81.25,0.354117
1158,100,0.0636118
1159,93.75,0.0518878
1160,100,0.0276256
1161,93.75,0.130622
1162,93.75,0.116979
1163,87.5,0.629666
1164,100,0.0634571
1165,100,0.0370551
1166,93.75,0.145645
1167,100,0.0383255
1168,93.75,0.137037
1169,93.75,0.206944
1170,87.5,0.349239
1171,93.75,0.276631
1172,81.25,0.450366
1173,100,0.0474383
1174,93.75,0.0999079
1175,100,0.0525973
1176,100,0.117304
1177,93.75,0.216584
1178,93.75,0.274697
1179,100,0.047482
1180,100,0.0874187
1181,93.75,0.0654922
1182,100,0.0916964
1183,100,0.0380449
1184,100,0.0170412
1185,100,0.0444577
1186,100,0.0388715
1187,93.75,0.138843
1188,93.75,0.310202
1189,100,0.0366051
1190,93.75,0.143018
1191,100,0.032073
1192,93.75,0.315745
1193,100,0.041643
1194,93.75,0.206302
1195,87.5,0.313382
1196,93.75,0.333671
1197,93.75,0.147419
1198,93.75,0.142395
1199,100,0.0209839
1200,100,0.0903727
1201,93.75,0.134665
1202,87.5,0.361912
1203,93.75,0.642296
1204,93.75,0.159071
1205,93.75,0.30384
1206,100,0.0265064
1207,100,0.025379
1208,93.75,0.0952502
1209,93.75,0.318577
1210,81.25,0.323034
1211,87.5,0.539856
1212,100,0.0358525
1213,100,0.0132272
1214,87.5,0.206349
1215,87.5,0.255748
1216,93.75,0.0991053
1217,93.75,0.0893448
1218,100,0.0363526
1219,87.5,0.482648
1220,100,0.0226974
1221,100,0.0689116
1222,87.5,0.552241
1223,93.75,0.185534
1224,93.75,0.171086
1225,93.75,0.11729
1226,100,0.0511481
1227,100,0.0321818
1228,93.75,0.111206
1229,100,0.0325313
1230,93.75,0.190845
1231,100,0.0218797
1232,93.75,0.100318
1233,100,0.0618082
1234,100,0.0234074
1235,100,0.0874049
1236,100,0.00461398
1237,93.75,0.378334
1238,100,0.0160163
1239,93.75,0.133139
1240,81.25,0.491858
1241,100,0.0571096
1242,87.5,0.207705
1243,93.75,0.120537
1244,100,0.114559
1245,93.75,0.0764552
1246,93.75,0.0969432
1247,93.75,0.267973
1248,100,0.00787099
1249,100,0.0804072
1250,93.75,0.233297
1251,93.75,0.200208
1252,87.5,0.385114
1253,87.5,0.191791
1254,100,0.0499311
1255,93.75,0.281641
1256,93.75,0.272896
1257,87.5,0.212039
1258,93.75,0.12169
1259,100,0.0247535
1260,93.75,0.148533
1261,68.75,1.50383
1262,93.75,0.245795
1263,93.75,0.285148
1264,93.75,0.118665
1265,93.75,0.269966
1266,93.75,0.184434
1267,100,0.0528903
1268,100,0.0432742
1269,100,0.0446521
1270,100,0.0561585
1271,93.75,0.207749
1272,93.75,0.322292
1273,100,0.0890764
1274,93.75,0.105978
1275,100,0.0347646
1276,93.75,0.2507
1277,100,0.0178077
1278,100,0.147508
1279,100,0.0410594
1280,100,0.0580541
1281,100,0.019722
1282,93.75,0.095918
1283,93.75,0.0658296
1284,93.75,0.20236
1285,100,0.0585951
1286,87.5,0.631051
1287,93.75,0.192369
1288,93.75,0.108601
1289,100,0.0129237
1290,93.75,0.155441
1291,87.5,0.327468
1292,100,0.0275823
1293,87.5,0.694356
1294,100,0.0068086
1295,100,0.0308777
1296,87.5,0.499109
1297,100,0.0561363
1298,93.75,0.242749
1299,93.75,0.448409
1300,93.75,0.60485
1301,100,0.0685066
1302,93.75,0.231073
1303,100,0.0769444
1304,75,0.352676
1305,93.75,0.286388
1306,100,0.103849
1307,81.25,0.597748
1308,81.25,0.424263
1309,81.25,0.544317
1310,100,0.110294
1311,93.75,0.310662
1312,93.75,0.310992
1313,93.75,0.0809482
1314,100,0.0265012
1315,93.75,0.156837
1316,93.75,0.319338
1317,93.75,0.229355
1318,100,0.056536
1319,93.75,0.0945394
1320,87.5,0.249137
1321,93.75,0.58507
1322,93.75,0.125889
1323,93.75,0.312163
1324,100,0.00984464
1325,93.75,0.18665
1326,87.5,0.389667
1327,93.75,0.136025
1328,100,0.0801578
1329,100,0.0506637
1330,100,0.0103965
1331,93.75,0.138459
1332,93.75,0.375639
1333,100,0.0719821
1334,93.75,0.269136
1335,100,0.0773887
1336,100,0.10752
1337,100,0.0906086
1338,93.75,0.102225
1339,100,0.0892821
1340,93.75,0.172791
1341,93.75,0.229331
1342,93.75,0.121391
1343,100,0.00469329
1344,100,0.0276272
1345,100,0.0473552
1346,87.5,0.340129
1347,87.5,0.284064
1348,100,0.0174738
1349,93.75,0.100667
1350,81.25,0.513987
1351,87.5,0.68768
1352,93.75,0.0825009
1353,87.5,0.30602
1354,93.75,0.138941
1355,93.75,0.111115
1356,100,0.0817239
1357,93.75,0.201858
1358,93.75,0.15757
1359,93.75,0.294896
1360,100,0.0581637
1361,100,0.0107267
1362,100,0.0808138
1363,100,0.0304632
1364,100,0.0479943
1365,100,0.0543669
1366,100,0.0499443
1367,100,0.0346915
1368,100,0.00640156
1369,93.75,0.177946
1370,93.75,0.147094
1371,100,0.0385173
1372,87.5,0.31198
1373,93.75,0.243256
1374,87.5,0.480992
1375,100,0.0898702
1376,93.75,0.273485
1377,100,0.0143302
1378,93.75,0.135876
1379,87.5,0.18193
1380,93.75,0.159103
1381,100,0.0946384
1382,93.75,0.0945038
1383,87.5,0.578177
1384,87.5,0.572312
1385,87.5,0.347293
1386,93.75,0.133305
1387,93.75,0.220359
1388,81.25,0.521782
1389,93.75,0.555941
1390,93.75,0.163682
1391,100,0.0466573
1392,100,0.0749469
1393,93.75,0.221452
1394,100,0.0486211
1395,93.75,0.0850576
1396,93.75,0.24782
1397,100,0.0401029
1398,93.75,0.207331
1399,100,0.0421863
1400,100,0.0379064
1401,87.5,0.187154
1402,100,0.0431856
1403,87.5,0.307747
1404,100,0.0224311
1405,100,0.0417788
1406,75,0.772958
1407,68.75,1.05182
1408,87.5,0.277394
1409,81.25,0.494384
1410,87.5,0.608196
1411,87.5,0.400322
1412,93.75,0.137932
1413,81.25,0.488635
1414,100,0.047919
1415,93.75,0.204015
1416,93.75,0.170606
1417,87.5,0.210368
1418,93.75,0.134738
1419,100,0.0551472
1420,93.75,0.302016
1421,93.75,0.123486
1422,100,0.0504754
1423,81.25,0.427432
1424,93.75,0.260837
1425,93.75,0.119789
1426,87.5,0.469736
1427,93.75,0.143627
1428,100,0.078781
1429,100,0.0163109
1430,100,0.11604
1431,93.75,0.425266
1432,93.75,0.129599
1433,100,0.0484702
1434,100,0.0531423
1435,100,0.0254538
1436,100,0.0382628
1437,100,0.0462109
1438,100,0.0118317
1439,93.75,0.132594
1440,93.75,0.104558
1441,100,0.0199019
1442,100,0.0276126
1443,87.5,0.272038
1444,87.5,0.287213
1445,87.5,0.216178
1446,100,0.0356228
1447,93.75,0.11234
1448,100,0.0541219
1449,100,0.00831754
1450,87.5,0.242773
1451,81.25,0.363774
1452,100,0.0104681
1453,100,0.05379
1454,100,0.0250294
1455,87.5,0.245496
1456,100,0.0218174
1457,100,0.00845436
1458,100,0.0532572
1459,100,0.0666895
1460,87.5,0.223674
1461,100,0.0811975
1462,93.75,0.253781
1463,87.5,0.424127
1464,100,0.0492246
1465,100,0.030919
1466,100,0.0354172
1467,93.75,0.148799
1468,93.75,0.280071
1469,100,0.0497594
1470,93.75,0.232968
1471,100,0.0480144
1472,100,0.0624907
1473,100,0.0943336
1474,93.75,0.140896
1475,87.5,0.427829
1476,100,0.0580089
1477,87.5,0.357706
1478,100,0.0776266
1479,100,0.0349844
1480,87.5,0.214189
1481,93.75,0.149572
1482,87.5,0.160774
1483,81.25,0.431577
1484,87.5,0.473418
1485,93.75,0.331644
1486,93.75,0.127051
1487,100,0.1204
1488,100,0.0496482
1489,93.75,0.11493
1490,87.5,0.394769
1491,100,0.0362121
1492,100,0.118353
1493,93.75,0.174198
1494,100,0.0128079
1495,93.75,0.395759
1496,93.75,0.134824
1497,100,0.0532519
1498,87.5,0.933525
1499,93.75,0.076577
1500,93.75,0.201521
1501,100,0.0399264
1502,93.75,0.18435
1503,93.75,0.246263
1504,100,0.134454
1505,100,0.0436839
1506,87.5,0.191252
1507,100,0.0397526
1508,100,0.0600869
1509,100,0.0362885
1510,100,0.0204898
1511,100,0.0357928
1512,93.75,0.0713996
1513,100,0.0461317
1514,87.5,0.33054
1515,100,0.0304773
1516,93.75,0.170992
1517,87.5,0.256614
1518,87.5,0.541882
1519,100,0.0295308
1520,93.75,0.265321
1521,100,0.00425648
1522,93.75,0.117026
1523,100,0.0896057
1524,100,0.0114516
1525,100,0.0742976
1526,100,0.0531582
1527,87.5,0.413115
1528,100,0.0280118
1529,93.75,0.214636
1530,93.75,0.148813
1531,100,0.0655233
1532,93.75,0.204012
1533,93.75,0.257728
1534,100,0.0647835
1535,93.75,0.108324
1536,100,0.129574
1537,93.75,0.291181
1538,100,0.0309014
1539,87.5,0.375345
1540,87.5,0.225492
1541,100,0.0816317
1542,81.25,0.484146
1543,93.75,0.0921538
1544,87.5,0.185171
1545,93.75,0.099551
1546,93.75,0.256651
1547,100,0.0493235
1548,93.75,0.25435
1549,100,0.0338572
1550,87.5,0.665
1551,100,0.0137435
1552,93.75,0.249467
1553,100,0.0175331
1554,100,0.0786781
1555,100,0.0443192
1556,100,0.077365
1557,93.75,0.165982
1558,100,0.10965
1559,81.25,0.547117
1560,100,0.0240474
1561,100,0.0695575
1562,87.5,0.277828
1563,100,0.0373172
1564,100,0.0250639
1565,100,0.0124087
1566,100,0.0318346
1567,100,0.0383396
1568,93.75,0.107473
1569,81.25,0.391054
1570,93.75,0.0556918
1571,100,0.0462694
1572,100,0.0885319
1573,93.75,0.161936
1574,93.75,0.241162
1575,93.75,0.111018
1576,87.5,0.144426
1577,100,0.0390569
1578,93.75,0.155754
1579,100,0.081761
1580,100,0.0272004
1581,100,0.0236727
1582,93.75,0.191522
1583,93.75,0.0917426
1584,93.75,0.179945
1585,93.75,0.0782066
1586,100,0.00797231
1587,87.5,0.416461
1588,100,0.0119673
1589,100,0.0707699
1590,100,0.0160098
1591,100,0.0351104
1592,100,0.0768119
1593,87.5,0.636535
1594,100,0.0380668
1595,100,0.0342146
1596,100,0.0429765
1597,93.75,0.6233
1598,93.75,0.309437
1599,100,0.0698527
1600,100,0.0409791
1601,93.75,0.155065
1602,100,0.0793513
1603,93.75,0.152041
1604,93.75,0.18076
1605,93.75,0.392573
1606,100,0.0111323
1607,100,0.0122484
1608,100,0.0561385
1609,100,0.0567745
1610,81.25,0.38303
1611,100,0.0583867
1612,87.5,0.237532
1613,75,0.672513
1614,100,0.083133
1615,100,0.103251
1616,100,0.0668904
1617,93.75,0.212467
1618,93.75,0.132902
1619,100,0.0317899
1620,93.75,0.131252
1621,100,0.00995191
1622,81.25,0.31791
1623,87.5,0.187963
1624,100,0.0439621
1625,93.75,0.262716
1626,100,0.0220202
1627,93.75,0.100843
1628,100,0.0815204
1629,100,0.0745783
1630,87.5,0.419003
1631,100,0.0365998
1632,93.75,0.160148
1633,100,0.0886851
1634,100,0.0532398
1635,93.75,0.125873
1636,100,0.00634163
1637,93.75,0.12531
1638,93.75,0.13994
1639,93.75,0.270984
1640,100,0.033248
1641,100,0.00856721
1642,93.75,0.311536
1643,100,0.00599524
1644,87.5,0.30613
1645,100,0.023093
1646,100,0.00485443
1647,100,0.0320282
1648,81.25,0.493823
1649,93.75,0.336525
1650,87.5,0.467536
1651,93.75,0.237908
1652,100,0.0433915
1653,100,0.090877
1654,93.75,0.126803
1655,87.5,0.301502
1656,93.75,0.11068
1657,93.75,0.427297
1658,100,0.11645
1659,100,0.0558188
1660,93.75,0.102696
1661,93.75,0.545519
1662,93.75,0.0737726
1663,93.75,0.107184
1664,100,0.0927846
1665,75,0.87092
1666,87.5,0.131571
1667,100,0.0866923
1668,100,0.089216
1669,93.75,0.171626
1670,87.5,0.171837
1671,87.5,0.281313
1672,93.75,0.514735
1673,93.75,0.22734
1674,87.5,0.292921
1675,93.75,0.173464
1676,100,0.124628
1677,100,0.0372516
1678,87.5,0.304849
1679,93.75,0.371292
1680,93.75,0.196292
1681,87.5,0.649719
1682,93.75,0.164475
1683,100,0.0216929
1684,100,0.0569655
1685,100,0.026939
1686,100,0.0214805
1687,100,0.0325269
1688,100,0.0684636
1689,93.75,0.0959344
1690,100,0.0270597
1691,100,0.029348
1692,93.75,0.161672
1693,93.75,0.244544
1694,100,0.0506567
1695,87.5,0.259799
1696,100,0.100964
1697,100,0.0255312
1698,81.25,0.79801
1699,81.25,0.541409
1700,93.75,0.0999952
1701,100,0.0300759
1702,87.5,0.23501
1703,93.75,0.0988568
1704,75,0.660636
1705,100,0.00471544
1706,93.75,0.1281
1707,100,0.102063
1708,100,0.112419
1709,100,0.0290407
1710,100,0.0863074
1711,93.75,0.138186
1712,100,0.00674426
1713,100,0.0436672
1714,100,0.05617
1715,100,0.110613
1716,93.75,0.1555
1717,87.5,0.321128
1718,100,0.0165717
1719,81.25,0.343098
1720,100,0.102294
1721,93.75,0.186616
1722,93.75,0.149677
1723,93.75,0.0656523
1724,93.75,0.183883
1725,100,0.0227784
1726,87.5,0.352125
1727,93.75,0.45648
1728,93.75,0.11573
1729,87.5,0.192489
1730,93.75,0.230385
1731,100,0.0219468
1732,87.5,0.197854
1733,100,0.0819182
1734,93.75,0.199156
1735,100,0.0218328
1736,100,0.0494398
1737,93.75,0.286949
1738,87.5,0.184922
1739,100,0.104333
1740,100,0.0537813
1741,93.75,0.472292
1742,100,0.0181322
1743,100,0.0745628
1744,100,0.0267468
1745,100,0.0740409
1746,93.75,0.13716
1747,100,0.0409033
1748,87.5,0.236347
1749,100,0.0416575
1750,100,0.0832998
1751,93.75,0.243579
1752,100,0.00924029
1753,100,0.0195376
1754,93.75,0.173913
1755,93.75,0.178405
1756,93.75,0.246159
1757,87.5,0.114501
1758,100,0.00350096
1759,87.5,0.28093
1760,93.75,0.148842
1761,93.75,0.17076
1762,100,0.0413131
1763,100,0.0459404
1764,100,0.0255418
1765,93.75,0.231961
1766,100,0.0181199
1767,93.75,0.132522
1768,87.5,0.184857
1769,93.75,0.0607092
1770,100,0.0388492
1771,100,0.00762073
1772,100,0.0123531
1773,87.5,0.743732
1774,75,0.452893
1775,87.5,0.412723
1776,93.75,0.126134
1777,87.5,0.239782
1778,100,0.0260481
1779,100,0.039946
1780,93.75,0.0976297
1781,93.75,0.391943
1782,100,0.0415579
1783,93.75,0.110872
1784,93.75,0.212548
1785,93.75,0.459526
1786,100,0.0689172
1787,93.75,0.184975
1788,93.75,0.195021
1789,93.75,0.31857
1790,93.75,0.182678
1791,81.25,1.01145
1792,100,0.117547
1793,100,0.0281789
1794,100,0.0404064
1795,87.5,0.422408
1796,100,0.0568871
1797,100,0.0117574
1798,100,0.0418614
1799,93.75,0.170418
1800,100,0.0493403
1801,93.75,0.234413
1802,100,0.0216614
1803,100,0.113359
1804,87.5,0.202783
1805,100,0.0485041
1806,100,0.0261979
1807,93.75,0.164361
1808,100,0.111658
1809,87.5,0.219291
1810,100,0.212396
1811,100,0.03798
1812,93.75,0.225542
1813,100,0.0412121
1814,93.75,0.138662
1815,100,0.0324702
1816,100,0.119766
1817,100,0.112815
1818,100,0.0407213
1819,93.75,0.129196
1820,93.75,0.076614
1821,87.5,0.759962
1822,100,0.0944587
1823,93.75,0.131227
1824,87.5,0.20545
1825,93.75,0.138457
1826,87.5,0.324038
1827,93.75,0.191026
1828,93.75,0.124559
1829,100,0.032319
1830,93.75,0.0580396
1831,93.75,0.307846
1832,87.5,0.394036
1833,93.75,0.264448
1834,93.75,0.194829
1835,93.75,0.10502
1836,100,0.100925
1837,87.5,0.163197
1838,100,0.0354934
1839,100,0.028892
1840,93.75,0.474176
1841,93.75,0.21607
1842,93.75,0.131089
1843,87.5,0.32375
1844,93.75,0.100094
1845,100,0.046226
1846,100,0.0347193
1847,100,0.0547555
1848,100,0.0444053
1849,93.75,0.155194
1850,93.75,0.113732
1851,93.75,0.0795047
1852,100,0.0536383
1853,93.75,0.134855
1854,100,0.0632962
1855,93.75,0.252868
1856,100,0.0208395
1857,93.75,0.219216
1858,87.5,0.239071
1859,93.75,0.153452
1860,93.75,0.194217
1861,100,0.0399743
1862,100,0.0916068
1863,100,0.0506907
1864,100,0.0496462
1865,81.25,0.389889
1866,93.75,0.109591
1867,100,0.14125
1868,100,0.0582386
1869,100,0.0811486
1870,100,0.0196173
1871,75,0.326903
1872,93.75,0.149663
1873,93.75,0.266528
1874,100,0.0309731
1875,93.75,0.177638
1876,93.75,0.135469
1877,87.5,0.20208
1878,93.75,0.207105
1879,87.5,0.445734
1880,100,0.0396417
1881,87.5,0.204286
1882,100,0.111135
1883,87.5,0.256522
1884,100,0.112041
1885,93.75,0.245962
1886,100,0.00439435
1887,93.75,0.187762
1888,100,0.0325569
1889,93.75,0.303941
1890,100,0.0421873
1891,100,0.0660343
1892,87.5,0.301642
1893,100,0.0393505
1894,93.75,0.0753917
1895,93.75,0.233466
1896,100,0.0287306
1897,93.75,0.119416
1898,100,0.0401925
1899,100,0.0277975
1900,100,0.011279
1901,100,0.027301
1902,87.5,0.388994
1903,100,0.0163353
1904,93.75,0.115359
1905,93.75,0.0981361
1906,93.75,0.118148
1907,93.75,0.30218
1908,93.75,0.195085
1909,100,0.0209432
1910,93.75,0.151331
1911,93.75,0.144247
1912,87.5,0.182133
1913,93.75,0.13645
1914,100,0.0880192
1915,93.75,0.20708
1916,100,0.0623071
1917,81.25,0.256938
1918,100,0.0308295
1919,93.75,0.19883
1920,100,0.0146957
1921,93.75,0.147812
1922,87.5,0.255673
1923,100,0.0142963
1924,93.75,0.141125
1925,100,0.0289859
1926,93.75,0.119983
1927,100,0.00788958
1928,87.5,0.160546
1929,93.75,0.139014
1930,100,0.0470516
1931,100,0.0638446
1932,93.75,0.254345
1933,100,0.0491399
1934,100,0.0639855
1935,100,0.0692924
1936,87.5,0.355972
1937,100,0.0359152
1938,100,0.0475837
1939,100,0.089349
1940,100,0.0317052
1941,93.75,0.201796
1942,87.5,0.368393
1943,93.75,0.119432
1944,93.75,0.276989
1945,93.75,0.161304
1946,93.75,0.398334
1947,100,0.00789312
1948,100,0.0588115
1949,100,0.0282389
1950,81.25,0.968274
1951,100,0.0438765
1952,100,0.00941518
1953,100,0.0114826
1954,87.5,0.200248
1955,87.5,0.16755
1956,93.75,0.262135
1957,87.5,0.57828
1958,100,0.0256566
1959,100,0.0200578
1960,87.5,0.575575
1961,87.5,0.293662
1962,93.75,0.110586
1963,100,0.0675022
1964,87.5,0.160592
1965,93.75,0.177853
1966,87.5,0.304816
1967,100,0.106584
1968,100,0.0586554
1969,100,0.0076687
1970,100,0.0496785
1971,100,0.0305837
1972,100,0.063208
1973,87.5,0.223103
1974,93.75,0.151643
1975,93.75,0.253656
1976,93.75,0.172168
1977,100,0.0533625
1978,93.75,0.158089
1979,87.5,0.547966
1980,87.5,0.57313
1981,93.75,0.203524
1982,81.25,0.446179
1983,93.75,0.45619
1984,93.75,0.116924
1985,93.75,0.163834
1986,100,0.0445965
1987,93.75,0.207234
1988,93.75,0.161311
1989,100,0.0411484
1990,100,0.0150018
1991,75,0.562576
1992,100,0.0124584
1993,100,0.0890129
1994,100,0.0193333
1995,100,0.0169439
1996,100,0.0333756
1997,100,0.0191281
1998,87.5,0.639949
1999,100,0.0104911
2000,81.25,0.277575
2001,100,0.0598897
2002,81.25,0.418424
2003,93.75,0.172121
2004,93.75,0.0972479
2005,100,0.0364416
2006,100,0.00881915
2007,87.5,0.215035
2008,93.75,0.201206
2009,87.5,0.365575
2010,93.75,0.144719
2011,93.75,0.28653
2012,93.75,0.121197
2013,93.75,0.0879467
2014,100,0.0296578
2015,93.75,0.129526
2016,87.5,0.340995
2017,100,0.0628137
2018,81.25,0.480099
2019,93.75,0.0640873
2020,93.75,0.111415
2021,93.75,0.155829
2022,81.25,0.345516
2023,93.75,0.112599
2024,93.75,0.416222
2025,93.75,0.145792
2026,93.75,0.184395
2027,87.5,0.74064
2028,93.75,0.0939158
2029,93.75,0.135177
2030,87.5,0.226571
2031,100,0.0319525
2032,87.5,0.256171
2033,100,0.0101415
2034,100,0.00852451
2035,93.75,0.0600509
2036,93.75,0.294866
2037,100,0.00217299
2038,100,0.0133393
2039,100,0.013356
2040,100,0.0205918
2041,100,0.023081
2042,87.5,0.462475
2043,93.75,0.119874
2044,100,0.0249536
2045,93.75,0.0581383
2046,100,0.0443301
2047,93.75,0.191242
2048,100,0.05422
2049,93.75,0.397209
2050,100,0.0270733
2051,93.75,0.232049
2052,93.75,0.243952
2053,87.5,0.152891
2054,100,0.0658105
2055,100,0.0788905
2056,93.75,0.173997
2057,93.75,0.158435
2058,100,0.0900829
2059,100,0.00865069
2060,100,0.047285
2061,100,0.0250483
2062,100,0.00366518
2063,93.75,0.144538
2064,93.75,0.153469
2065,100,0.0340312
2066,93.75,0.10877
2067,87.5,0.442072
2068,100,0.0193302
2069,93.75,0.189061
2070,100,0.019534
2071,100,0.0323943
2072,93.75,0.128301
2073,93.75,0.139199
2074,100,0.0617474
2075,100,0.0443718
2076,93.75,0.0960845
2077,100,0.044656
2078,93.75,0.301007
2079,100,0.0145228
2080,100,0.0138007
2081,100,0.0651881
2082,93.75,0.54817
2083,100,0.00293625
2084,93.75,0.233283
2085,93.75,0.161076
2086,87.5,0.232721
2087,93.75,0.377521
2088,100,0.0088197
2089,87.5,0.13588
2090,100,0.0621497
2091,93.75,0.15269
2092,100,0.0565976
2093,100,0.0453582
2094,100,0.011384
2095,75,0.439826
2096,100,0.0128349
2097,100,0.0182671
2098,93.75,0.107798
2099,100,0.0531749
2100,100,0.0853918
2101,87.5,0.129173
2102,93.75,0.11305
2103,100,0.0106559
2104,100,0.0269629
2105,100,0.0245603
2106,93.75,0.563145
2107,100,0.0565868
2108,93.75,0.100813
2109,100,0.0245022
2110,93.75,0.222076
2111,93.75,0.630837
2112,87.5,0.309569
2113,100,0.0178686
2114,100,0.0133774
2115,100,0.0310669
2116,100,0.00446123
2117,87.5,0.299572
2118,100,0.00360498
2119,100,0.0219451
2120,100,0.0207897
2121,100,0.0812363
2122,100,0.0243537
2123,100,0.0340708
2124,100,0.045671
2125,100,0.0175411
2126,93.75,0.21763
2127,100,0.0262481
2128,100,0.0415537
2129,81.25,0.615776
2130,100,0.079635
2131,100,0.0390598
2132,100,0.0282367
2133,87.5,0.142295
2134,100,0.0244312
2135,100,0.0221185
2136,100,0.00635479
2137,93.75,0.198713
2138,93.75,0.235459
2139,100,0.0267121
2140,100,0.0250504
2141,100,0.0291707
2142,93.75,0.154191
2143,100,0.00437884
2144,100,0.0481786
2145,100,0.0516617
2146,100,0.034789
2147,100,0.00656494
2148,100,0.0432566
2149,100,0.00531478
2150,100,0.0956965
2151,87.5,1.0859
2152,93.75,0.0773778
2153,100,0.058005
2154,100,0.0378156
2155,93.75,0.11741
2156,100,0.0337495
2157,93.75,0.363223
2158,100,0.0612535
2159,93.75,0.198132
2160,100,0.0702273
2161,93.75,0.15609
2162,93.75,0.171646
2163,100,0.0164156
2164,93.75,0.216182
2165,100,0.00811498
2166,100,0.0291122
2167,81.25,0.417996
2168,81.25,0.460876
2169,100,0.0606984
2170,81.25,0.380054
2171,100,0.0108008
2172,93.75,0.274303
2173,87.5,0.407837
2174,93.75,0.203767
2175,100,0.0352402
2176,87.5,0.220691
2177,87.5,0.232088
2178,93.75,0.101472
2179,93.75,0.258909
2180,100,0.0485006
2181,100,0.0269397
2182,93.75,0.317054
2183,93.75,0.230365
2184,93.75,0.134211
2185,93.75,0.0954789
2186,93.75,0.0925599
2187,93.75,0.0910214
2188,100,0.0232705
2189,100,0.0216087
2190,100,0.0695161
2191,93.75,0.283891
2192,87.5,0.23103
2193,100,0.02098
2194,93.75,0.164764
2195,93.75,0.0817184
2196,100,0.067132
2197,93.75,0.30668
2198,100,0.0504151
2199,93.75,0.126831
2200,100,0.0336709
2201,93.75,0.276108
2202,100,0.101908
2203,93.75,0.561659
2204,100,0.064443
2205,100,0.0209351
2206,100,0.0182196
2207,100,0.109363
2208,100,0.0518868
2209,100,0.0550868
2210,100,0.0760772
2211,93.75,0.177364
2212,93.75,0.134266
2213,93.75,0.160528
2214,100,0.107767
2215,100,0.0328766
2216,93.75,0.0632692
2217,93.75,0.411776
2218,93.75,0.711793
2219,100,0.0328485
2220,93.75,0.0954555
2221,100,0.0294861
2222,93.75,0.177249
2223,100,0.0821168
2224,93.75,0.0873019
2225,93.75,0.0726182
2226,100,0.045211
2227,93.75,0.563509
2228,93.75,0.194146
2229,93.75,0.0579853
2230,93.75,0.0791655
2231,93.75,0.231744
2232,100,0.00811398
2233,100,0.0392273
2234,93.75,0.109825
2235,87.5,0.13592
2236,87.5,0.350023
2237,100,0.0157774
2238,87.5,0.156215
2239,100,0.0174101
2240,100,0.00335451
2241,87.5,0.264489
2242,100,0.0732098
2243,100,0.0189662
2244,100,0.00923367
2245,81.25,0.349863
2246,93.75,0.0864574
2247,93.75,0.148339
2248,100,0.0333597
2249,100,0.014254
2250,93.75,0.0858556
2251,93.75,0.155473
2252,100,0.0415773
2253,87.5,0.179554
2254,100,0.0557102
2255,93.75,0.210074
2256,100,0.0215705
2257,93.75,0.369605
2258,87.5,0.456478
2259,100,0.0636707
2260,87.5,0.417989
2261,93.75,0.180395
2262,100,0.00321377
2263,100,0.00227179
2264,87.5,0.589579
2265,93.75,0.269409
2266,100,0.0207627
2267,100,0.105773
2268,100,0.0134509
2269,93.75,0.0557282
2270,100,0.0154126
2271,100,0.0243223
2272,93.75,0.0942225
2273,87.5,0.148494
2274,100,0.038184
2275,93.75,0.263899
2276,93.75,0.152518
2277,93.75,0.303118
2278,93.75,0.467079
2279,100,0.071319
2280,100,0.0389409
2281,87.5,0.312417
2282,100,0.0193644
2283,93.75,0.0900284
2284,100,0.00515833
2285,100,0.0489801
2286,100,0.0188512
2287,100,0.0380024
2288,93.75,0.192085
2289,100,0.0218318
2290,100,0.00793408
2291,93.75,0.203515
2292,100,0.0370612
2293,100,0.0153998
2294,100,0.0119729
2295,93.75,0.250599
2296,93.75,0.130689
2297,93.75,0.354425
2298,93.75,0.223251
2299,93.75,0.201007
2300,100,0.00290083
2301,100,0.0407159
2302,87.5,0.274192
2303,87.5,0.250279
2304,87.5,0.219105
2305,93.75,0.134058
2306,87.5,0.178963
2307,87.5,0.262394
2308,100,0.00852476
2309,87.5,0.268197
2310,100,0.0181371
2311,100,0.00292683
2312,93.75,0.267829
2313,100,0.0196768
2314,100,0.0273178
2315,87.5,0.547161
2316,87.5,0.291022
2317,87.5,0.575543
2318,75,0.377725
2319,100,0.0165078
2320,93.75,0.325589
2321,93.75,0.153937
2322,100,0.0513037
2323,87.5,0.256975
2324,100,0.0712009
2325,100,0.0286144
2326,100,0.0269196
2327,100,0.0117348
2328,100,0.019543
2329,93.75,0.0883706
2330,100,0.0286584
2331,93.75,0.408456
2332,100,0.0521246
2333,93.75,0.14436
2334,100,0.0477749
2335,81.25,0.794389
2336,93.75,0.337138
2337,93.75,0.414035
2338,93.75,0.17994
2339,100,0.0434662
2340,93.75,0.222678
2341,93.75,0.334194
2342,93.75,0.381871
2343,93.75,0.362584
2344,93.75,0.123791
2345,100,0.044416
2346,93.75,0.0969613
2347,87.5,0.223513
2348,87.5,0.556016
2349,100,0.052077
2350,93.75,0.155267
2351,100,0.0454222
2352,100,0.00705987
2353,100,0.124856
2354,93.75,0.137986
2355,100,0.0163815
2356,93.75,0.282383
2357,93.75,0.197901
2358,100,0.0796285
2359,87.5,0.358646
2360,87.5,0.180681
2361,100,0.0358002
2362,87.5,0.180515
2363,100,0.00808595
2364,87.5,0.475227
2365,87.5,0.582621
2366,100,0.0426305
2367,100,0.0171771
2368,100,0.0210797
2369,100,0.010196
2370,93.75,0.122705
2371,93.75,0.201178
2372,100,0.0532967
2373,87.5,0.162752
2374,100,0.0342046
2375,93.75,0.270787
2376,93.75,0.141371
2377,87.5,0.321734
2378,100,0.0193699
2379,93.75,0.18371
2380,100,0.0202351
2381,100,0.0329684
2382,100,0.00479359
2383,100,0.0283341
2384,93.75,0.239034
2385,100,0.06149
2386,100,0.00789379
2387,100,0.0516834
2388,100,0.0375777
2389,100,0.0444297
2390,93.75,0.10359
2391,87.5,0.268775
2392,100,0.0686979
2393,93.75,0.13839
2394,100,0.0444585
2395,93.75,0.128046
2396,93.75,0.173408
2397,100,0.0261737
2398,100,0.0117077
2399,75,0.337387
2400,100,0.0661106
2401,93.75,0.255978
2402,93.75,0.118935
2403,100,0.00817403
2404,100,0.0585222
2405,100,0.0186925
2406,100,0.0396987
2407,100,0.0212621
2408,81.25,0.589154
2409,100,0.00740818
2410,100,0.00623187
2411,93.75,0.0951132
2412,87.5,0.294537
2413,93.75,0.469648
2414,100,0.0428341
2415,93.75,0.106137
2416,100,0.024887
2417,100,0.0195326
2418,93.75,0.177705
2419,87.5,0.434752
2420,100,0.0233257
2421,100,0.0213126
2422,93.75,0.182476
2423,93.75,0.229112
2424,93.75,0.187875
2425,100,0.0293237
2426,100,0.00855947
2427,100,0.0126795
2428,93.75,0.0851825
2429,93.75,0.0651068
2430,93.75,0.162311
2431,100,0.0581509
2432,100,0.0256989
2433,93.75,0.473124
2434,100,0.043295
2435,100,0.0165716
2436,100,0.0304628
2437,100,0.044887
2438,100,0.00281826
2439,100,0.00735702
2440,93.75,0.323687
2441,100,0.0196959
2442,93.75,0.0607227
2443,100,0.0133168
2444,100,0.0122116
2445,100,0.0707505
2446,100,0.0620982
2447,100,0.127752
2448,100,0.00983589
2449,100,0.00415945
2450,93.75,0.747454
2451,100,0.0307371
2452,93.75,0.0745097
2453,93.75,0.0737978
2454,93.75,0.173613
2455,93.75,0.121739
2456,81.25,0.463652
2457,87.5,0.366004
2458,93.75,0.49103
2459,93.75,0.11177
2460,93.75,0.194391
2461,93.75,0.076199
2462,81.25,0.436864
2463,93.75,0.24946
2464,87.5,0.512253
2465,93.75,0.216535
2466,100,0.0405638
2467,93.75,0.232803
2468,87.5,0.419492
2469,93.75,0.169935
2470,100,0.0181875
2471,100,0.0803649
2472,100,0.092561
2473,93.75,0.311377
2474,100,0.0138386
2475,93.75,0.1163
2476,93.75,0.0961329
2477,87.5,0.195475
2478,93.75,0.162629
2479,87.5,0.34203
2480,100,0.100012
2481,100,0.0382421
2482,93.75,0.111494
2483,100,0.0685066
2484,93.75,0.146972
2485,93.75,0.15171
2486,87.5,0.30338
2487,87.5,0.445286
2488,93.75,0.148523
2489,100,0.0640987
2490,100,0.0458214
2491,93.75,0.174119
2492,93.75,0.240016
2493,93.75,0.224548
2494,100,0.0721751
2495,93.75,0.0884822
2496,100,0.032929
2497,81.25,0.57295
2498,100,0.0397812
2499,87.5,0.168398
2500,100,0.112355
2501,100,0.016972
2502,87.5,0.226331
2503,93.75,0.224822
2504,93.75,0.095342
2505,93.75,0.283516
2506,93.75,0.168996
2507,100,0.0308065
2508,100,0.061359
2509,100,0.0110699
2510,93.75,0.190183
2511,100,0.0632727
2512,100,0.0591553
2513,100,0.0322282
2514,100,0.0528523
2515,93.75,0.103722
2516,87.5,0.264358
2517,100,0.081444
2518,93.75,0.23039
2519,100,0.0830543
2520,87.5,0.462319
2521,100,0.0505589
2522,100,0.00619774
2523,93.75,0.115623
2524,93.75,0.499712
2525,93.75,0.551082
2526,100,0.0112952
2527,100,0.0107539
2528,93.75,0.128903
2529,100,0.0275072
2530,100,0.0273823
2531,87.5,0.219187
2532,100,0.0268497
2533,100,0.0359978
2534,93.75,0.249438
2535,100,0.039254
2536,100,0.0256036
2537,93.75,0.255759
2538,100,0.0179379
2539,87.5,0.258592
2540,100,0.0297116
2541,87.5,0.162228
2542,81.25,0.447965
2543,100,0.0270479
2544,100,0.00342448
2545,93.75,0.118535
2546,93.75,0.104154
2547,100,0.0243215
2548,93.75,0.300706
2549,100,0.0257411
2550,100,0.0135978
2551,100,0.0415154
2552,93.75,0.268945
2553,100,0.0334875
2554,100,0.0226396
2555,93.75,0.0624832
2556,87.5,0.242656
2557,100,0.0300493
2558,100,0.00373418
2559,93.75,0.0754124
2560,100,0.0619765
2561,93.75,0.2171
2562,87.5,0.440681
2563,100,0.00716176
2564,93.75,0.236291
2565,93.75,0.191034
2566,93.75,0.0650667
2567,93.75,0.148943
2568,100,0.0201495
2569,81.25,0.323927
2570,100,0.0999409
2571,100,0.00609006
2572,100,0.0091766
2573,93.75,0.0734529
2574,93.75,0.0818192
2575,93.75,0.0801605
2576,87.5,0.22111
2577,93.75,0.258085
2578,100,0.0124679
2579,100,0.0596876
2580,81.25,0.517151
2581,87.5,0.451032
2582,100,0.0458026
2583,100,0.0474285
2584,87.5,0.534159
2585,100,0.105414
2586,93.75,0.183508
2587,93.75,0.102533
2588,93.75,0.203414
2589,100,0.0630928
2590,87.5,0.537763
2591,93.75,0.12347
2592,93.75,0.343655
2593,100,0.0288633
2594,87.5,0.604989
2595,100,0.0254529
2596,93.75,0.110006
2597,93.75,0.421671
2598,100,0.0287278
2599,100,0.0746774
2600,93.75,0.15176
2601,93.75,0.0956706
2602,87.5,0.380266
2603,100,0.0394132
2604,100,0.0504091
2605,100,0.0177259
2606,93.75,0.239567
2607,87.5,0.170134
2608,93.75,0.247331
2609,93.75,0.204943
2610,100,0.0142212
2611,93.75,0.100889
2612,100,0.0761588
2613,100,0.0295294
2614,100,0.0883631
2615,93.75,0.116037
2616,93.75,0.0794492
2617,100,0.00873388
2618,93.75,0.141619
2619,100,0.0305095
2620,93.75,0.185936
2621,87.5,0.439604
2622,93.75,0.185061
2623,100,0.0593199
2624,93.75,0.0970199
2625,93.75,0.289006
2626,100,0.0393014
2627,81.25,0.269788
2628,93.75,0.167637
2629,100,0.0469797
2630,93.75,0.252729
2631,100,0.0162505
2632,93.75,0.0806892
2633,100,0.0551519
2634,100,0.0779402
2635,93.75,0.0578406
2636,100,0.0265369
2637,93.75,0.174983
2638,93.75,0.0952073
2639,100,0.0506186
2640,93.75,0.0709234
2641,100,0.0404223
2642,100,0.0208527
2643,100,0.023434
2644,100,0.0231975
2645,87.5,0.256805
2646,100,0.0252858
2647,100,0.0691626
2648,93.75,0.690546
2649,100,0.0512697
2650,93.75,0.0886417
2651,100,0.0390718
2652,87.5,0.435129
2653,75,0.638244
2654,100,0.039624
2655,93.75,0.191815
2656,93.75,0.230069
2657,87.5,0.760506
2658,93.75,0.187125
2659,100,0.0387397
2660,100,0.0384684
2661,87.5,0.475071
2662,100,0.0356418
2663,100,0.0109052
2664,93.75,0.0776095
2665,93.75,0.153328
2666,100,0.055376
2667,87.5,0.274543
2668,87.5,0.335878
2669,93.75,0.242222
2670,100,0.0676007
2671,100,0.028924
2672,100,0.0180776
2673,100,0.0750804
2674,93.75,0.235922
2675,100,0.1101
2676,100,0.0563544
2677,93.75,0.306406
2678,100,0.0803615
2679,93.75,0.417681
2680,93.75,0.0809606
2681,100,0.129838
2682,93.75,0.106854
2683,100,0.0546359
2684,87.5,0.641609
2685,100,0.0510526
2686,93.75,0.184738
2687,93.75,0.176508
2688,100,0.0473954
2689,93.75,0.254612
2690,100,0.0739099
2691,93.75,0.0946914
2692,93.75,0.120163
2693,100,0.0132174
2694,93.75,0.282523
2695,100,0.0969044
2696,100,0.0534211
2697,100,0.00400326
2698,93.75,0.118546
2699,93.75,0.0989779
2700,93.75,0.0821274
2701,93.75,0.113415
2702,93.75,0.0940785
2703,100,0.0320414
2704,93.75,0.410455
2705,100,0.0137517
2706,100,0.032311
2707,100,0.0076876
2708,100,0.00490387
2709,100,0.0372705
2710,93.75,0.0708954
2711,100,0.0152323
2712,100,0.00782394
2713,100,0.0275739
2714,100,0.00402076
2715,93.75,0.123671
2716,93.75,0.117447
2717,100,0.00566554
2718,100,0.0533839
2719,100,0.00446846
2720,100,0.0327003
2721,93.75,0.509085
2722,93.75,0.184902
2723,93.75,0.339856
2724,93.75,0.159243
2725,93.75,0.189077
2726,100,0.0416533
2727,100,0.00710839
2728,100,0.00329478
2729,87.5,0.560574
2730,93.75,0.311441
2731,100,0.0441199
2732,93.75,0.202787
2733,100,0.0141494
2734,100,0.0185542
2735,100,0.00463487
2736,100,0.0479759
2737,100,0.056246
2738,93.75,0.0659032
2739,100,0.0754978
2740,100,0.0132238
2741,100,0.0308183
2742,100,0.0340645
2743,100,0.0567933
2744,93.75,0.420228
2745,100,0.0477089
2746,93.75,0.0704528
2747,93.75,0.234758
2748,93.75,0.147762
2749,87.5,0.212256
2750,87.5,0.33607
2751,100,0.0237488
2752,100,0.00861188
2753,93.75,0.0889224
2754,100,0.0355642
2755,100,0.0323245
2756,87.5,0.365194
2757,87.5,0.279876
2758,100,0.00667144
2759,100,0.0693444
2760,93.75,0.187357
2761,100,0.0653917
2762,100,0.0284138
2763,100,0.0446684
2764,100,0.0202112
2765,100,0.0685525
2766,87.5,0.126022
2767,93.75,0.283396
2768,100,0.0142806
2769,93.75,0.142371
2770,100,0.0301992
2771,100,0.0243723
2772,100,0.105656
2773,100,0.0855901
2774,93.75,0.562949
2775,100,0.074428
2776,100,0.0149806
2777,100,0.108108
2778,87.5,0.436932
2779,93.75,0.350198
2780,100,0.00671167
2781,87.5,0.366889
2782,93.75,0.0770288
2783,100,0.042145
2784,100,0.0443383
2785,100,0.0419106
2786,93.75,0.109323
2787,100,0.0309745
2788,100,0.00471711
2789,93.75,0.119965
2790,100,0.0701739
2791,93.75,0.0694178
2792,93.75,0.108053
2793,100,0.0242382
2794,100,0.0624775
2795,100,0.0407808
2796,100,0.00385891
2797,100,0.0639082
2798,93.75,0.197538
2799,100,0.00467641
2800,100,0.0781579
2801,100,0.0111379
2802,93.75,0.156343
2803,100,0.0166168
2804,93.75,0.422405
2805,93.75,0.359712
2806,100,0.0165247
2807,81.25,0.264834
2808,100,0.0359512
2809,93.75,0.080792
2810,93.75,0.164004
2811,93.75,0.4403
2812,100,0.0326037
2813,100,0.0707715
2814,100,0.0767214
2815,93.75,0.103599
2816,100,0.0257475
2817,93.75,0.155552
2818,93.75,0.0665868
2819,100,0.0627609
2820,100,0.0659764
2821,100,0.0305257
2822,81.25,0.724428
2823,100,0.0287683
2824,87.5,0.169669
2825,93.75,0.272784
2826,93.75,0.181188
2827,100,0.0379742
2828,93.75,0.262148
2829,87.5,0.171272
2830,93.75,0.0928789
2831,100,0.0277415
2832,93.75,0.173083
2833,100,0.00142184
2834,100,0.00279615
2835,93.75,0.179671
2836,100,0.00801751
2837,100,0.00929691
2838,93.75,0.089277
2839,93.75,0.246233
2840,93.75,0.162832
2841,87.5,0.2059
2842,100,0.0649875
2843,100,0.0540499
2844,93.75,0.239761
2845,100,0.0586178
2846,62.5,0.661402
2847,100,0.0368299
2848,100,0.0239991
2849,93.75,0.143659
2850,93.75,0.11078
2851,81.25,0.613882
2852,93.75,0.439289
2853,100,0.0301988
2854,87.5,0.276119
2855,93.75,0.0675735
2856,93.75,0.191866
2857,100,0.0186523
2858,100,0.0405161
2859,100,0.0474532
2860,93.75,0.0926441
2861,93.75,0.2384
2862,93.75,0.201994
2863,87.5,0.555241
2864,100,0.0471038
2865,100,0.0632517
2866,100,0.0662347
2867,93.75,0.366557
2868,100,0.0850884
2869,93.75,0.156704
2870,87.5,0.1754
2871,93.75,0.136707
2872,100,0.0178849
2873,93.75,0.106432
2874,81.25,0.351738
2875,100,0.0152027
2876,100,0.0446516
2877,100,0.100477
2878,87.5,0.19424
2879,100,0.034455
2880,87.5,0.310763
2881,93.75,0.549015
2882,100,0.0257865
2883,93.75,0.138767
2884,93.75,0.237439
2885,100,0.0496204
2886,100,0.113736
2887,93.75,0.103337
2888,100,0.0308436
2889,100,0.0289697
2890,100,0.0143391
2891,81.25,0.428595
2892,93.75,0.144143
2893,93.75,0.219686
2894,81.25,0.466105
2895,87.5,0.325792
2896,100,0.0439772
2897,100,0.0641504
2898,93.75,0.271606
2899,81.25,0.740364
2900,100,0.0286222
2901,93.75,0.351035
2902,100,0.0394797
2903,93.75,0.590216
2904,100,0.00471367
2905,100,0.0437836
2906,100,0.00980057
2907,100,0.0245446
2908,100,0.0177351
2909,100,0.00875376
2910,100,0.0611428
2911,93.75,0.117139
2912,100,0.0208743
2913,100,0.0609875
2914,100,0.0342463
2915,100,0.00384986
2916,100,0.0479967
2917,100,0.0170627
2918,100,0.0138493
2919,93.75,0.150461
2920,100,0.102565
2921,68.75,0.891802
2922,100,0.0711483
2923,100,0.0142892
2924,87.5,0.232729
2925,100,0.0159606
2926,93.75,0.21268
2927,100,0.0243059
2928,100,0.0925527
2929,93.75,0.146817
2930,100,0.0352978
2931,93.75,0.0766577
2932,100,0.0466887
2933,100,0.00911139
2934,93.75,0.169535
2935,93.75,0.102181
2936,100,0.0329549
2937,93.75,0.30934
2938,93.75,0.151859
2939,93.75,0.226659
2940,93.75,0.498589
2941,100,0.0246712
2942,100,0.0224034
2943,87.5,0.147642
2944,93.75,0.087504
2945,100,0.0239721
2946,100,0.0186496
2947,93.75,0.0936987
2948,87.5,0.165207
2949,100,0.0115313
2950,100,0.0261441
2951,93.75,0.0904078
2952,87.5,0.287629
2953,87.5,0.563759
2954,87.5,0.270425
2955,93.75,0.212954
2956,87.5,0.259945
2957,100,0.050994
2958,100,0.0727672
2959,93.75,0.484029
2960,93.75,0.129284
2961,100,0.0306784
2962,93.75,0.26958
2963,100,0.0453302
2964,87.5,0.304531
2965,93.75,0.0983952
2966,93.75,0.402603
2967,93.75,0.115325
2968,81.25,0.609671
2969,100,0.0035451
2970,93.75,0.0982637
2971,100,0.0296151
2972,100,0.0346406
2973,87.5,0.192501
2974,100,0.00898079
2975,87.5,0.485891
2976,93.75,0.721803
2977,100,0.0929066
2978,93.75,0.165132
2979,100,0.0495671
2980,100,0.0846147
2981,87.5,0.579688
2982,100,0.0226176
2983,100,0.0219471
2984,93.75,0.202853
2985,93.75,0.213924
2986,93.75,0.197365
2987,93.75,0.068228
2988,100,0.00684404
2989,100,0.00222898
2990,100,0.0339087
2991,93.75,0.126309
2992,100,0.0732753
2993,100,0.0325656
2994,93.75,0.189437
2995,93.75,0.252641
2996,93.75,0.419713
2997,75,0.3957
2998,93.75,0.133572
2999,100,0.00747401
3000,93.75,0.0505102
3001,100,0.0304567
3002,93.75,0.125097
3003,100,0.0114878
3004,100,0.0556303
3005,100,0.0530848
3006,93.75,0.122575
3007,87.5,0.508155
3008,100,0.0173842
3009,100,0.00332265
3010,93.75,0.0991922
3011,93.75,0.0658878
3012,100,0.0292213
3013,100,0.0113286
3014,100,0.0191284
3015,93.75,0.12117
3016,100,0.0471154
3017,100,0.101663
3018,93.75,0.123879
3019,100,0.0433772
3020,93.75,0.0529969
3021,93.75,0.0816412
3022,93.75,0.0866015
3023,81.25,0.456756
3024,100,0.0835699
3025,93.75,0.148922
3026,100,0.0370648
3027,100,0.00333585
3028,100,0.00394981
3029,87.5,0.14587
3030,100,0.0152255
3031,93.75,0.157797
3032,100,0.0393074
3033,81.25,0.649672
3034,100,0.0256447
3035,100,0.026803
3036,100,0.0572879
3037,87.5,0.213064
3038,100,0.0585199
3039,100,0.0121535
3040,100,0.00448241
3041,87.5,0.345063
3042,93.75,0.100127
3043,93.75,0.0557626
3044,100,0.00409601
3045,100,0.100849
3046,100,0.0176654
3047,93.75,0.0837006
3048,100,0.0204564
3049,100,0.0160947
3050,100,0.0229107
3051,100,0.0295495
3052,100,0.00422982
3053,100,0.013136
3054,100,0.020625
3055,100,0.0326483
3056,100,0.00773149
3057,100,0.0912153
3058,87.5,0.308712
3059,87.5,0.647942
3060,87.5,0.254741
3061,87.5,0.684821
3062,93.75,0.121093
3063,93.75,0.142163
3064,87.5,0.436502
3065,93.75,0.604931
3066,93.75,0.106765
3067,87.5,0.379082
3068,100,0.0522957
3069,93.75,0.230961
3070,100,0.0695317
3071,93.75,0.0723542
3072,100,0.0966101
3073,93.75,0.455484
3074,100,0.00383078
3075,93.75,0.188559
3076,87.5,0.301782
3077,87.5,0.366639
3078,100,0.0149879
3079,100,0.0479946
3080,93.75,0.173585
3081,100,0.0186605
3082,93.75,0.161539
3083,93.75,0.0771943
3084,100,0.0216834
3085,100,0.0289935
3086,100,0.00249897
3087,100,0.00523795
3088,100,0.0557429
3089,93.75,0.118545
3090,100,0.0242017
3091,100,0.00489862
3092,87.5,0.170581
3093,100,0.117843
3094,75,0.603768
3095,81.25,0.460691
3096,93.75,0.202267
3097,81.25,0.672088
3098,100,0.0807999
3099,93.75,0.441546
3100,87.5,0.331805
3101,87.5,0.325388
3102,100,0.0474889
3103,93.75,0.182401
3104,87.5,0.181129
3105,93.75,0.113417
3106,93.75,0.26354
3107,100,0.0495671
3108,100,0.052854
3109,87.5,0.422573
3110,93.75,0.140664
3111,100,0.00437661
3112,100,0.0195068
3113,100,0.0517974
3114,100,0.0165028
3115,100,0.118321
3116,93.75,0.176612
3117,93.75,0.26735
3118,93.75,0.0507767
3119,62.5,1.79996
3120,93.75,0.135986
3121,93.75,0.106719
3122,100,0.0145177
3123,93.75,0.0999471
3124,100,0.01248
3125,93.75,0.142679
3126,100,0.0312224
3127,100,0.00871114
3128,100,0.0620686
3129,93.75,0.202695
3130,93.75,0.0756753
3131,93.75,0.364793
3132,93.75,0.0866829
3133,93.75,0.245835
3134,100,0.00422515
3135,93.75,0.189272
3136,100,0.0454367
3137,100,0.0319828
3138,93.75,0.255789
3139,87.5,0.470244
3140,81.25,0.816012
3141,93.75,0.117861
3142,100,0.0252877
3143,100,0.0328288
3144,93.75,0.0939999
3145,100,0.0947433
3146,93.75,0.0891243
3147,87.5,0.448332
3148,93.75,0.28444
3149,87.5,0.388921
3150,93.75,0.169212
3151,93.75,0.145373
3152,81.25,0.449963
3153,93.75,0.119492
3154,100,0.111893
3155,100,0.031746
3156,100,0.0180504
3157,93.75,0.0954162
3158,87.5,0.739009
3159,93.75,0.254346
3160,93.75,0.12914
3161,87.5,0.396713
3162,93.75,0.232549
3163,100,0.053185
3164,100,0.0425578
3165,93.75,0.269499
3166,100,0.0722741
3167,100,0.00214769
3168,100,0.0285881
3169,100,0.0523549
3170,87.5,0.344874
3171,100,0.122633
3172,93.75,0.139904
3173,100,0.051404
3174,100,0.0536484
3175,100,0.0323837
3176,100,0.0591046
3177,93.75,0.185926
3178,100,0.0487473
3179,100,0.0425347
3180,100,0.00366906
3181,93.75,0.0665812
3182,87.5,0.274353
3183,100,0.0572886
3184,100,0.101943
3185,100,0.0869852
3186,100,0.0541291
3187,93.75,0.122419
3188,100,0.0895014
3189,100,0.0209804
3190,100,0.0031043
3191,100,0.0190229
3192,93.75,0.11058
3193,100,0.0148698
3194,100,0.00653645
3195,93.75,0.0516859
3196,100,0.0493495
3197,100,0.0270229
3198,93.75,0.211742
3199,100,0.0477757
3200,100,0.026279
3201,93.75,0.11254
3202,93.75,0.14731
3203,100,0.0563401
3204,93.75,0.292681
3205,87.5,0.133308
3206,93.75,0.22965
3207,93.75,0.128973
3208,100,0.125225
3209,93.75,0.166724
3210,93.75,0.244035
3211,100,0.0530736
3212,100,0.00414161
3213,87.5,0.106205
3214,93.75,0.132306
3215,93.75,0.139358
3216,100,0.0639525
3217,87.5,0.224182
3218,93.75,0.226843
3219,100,0.0144556
3220,100,0.00177698
3221,87.5,0.40752
3222,93.75,0.107272
3223,100,0.0119305
3224,100,0.00377372
3225,100,0.0198295
3226,93.75,0.15002
3227,93.75,0.123757
3228,100,0.0366731
3229,100,0.0144491
3230,100,0.028126
3231,100,0.026643
3232,93.75,0.436339
3233,93.75,0.0930128
3234,93.75,0.237096
3235,100,0.0161928
3236,93.75,0.213042
3237,100,0.0252213
3238,93.75,0.12852
3239,100,0.00972707
3240,100,0.00327618
3241,100,0.0289965
3242,93.75,0.114944
3243,100,0.0270358
3244,100,0.017904
3245,100,0.0114267
3246,100,0.0209105
3247,93.75,0.195922
3248,100,0.0150485
3249,100,0.00596711
3250,87.5,0.331263
3251,100,0.0368711
3252,100,0.0275564
3253,93.75,0.0758891
3254,93.75,0.28478
3255,100,0.00796442
3256,87.5,0.17689
3257,100,0.097126
3258,100,0.0480483
3259,87.5,0.492602
3260,100,0.101407
3261,87.5,0.413472
3262,93.75,0.056545
3263,100,0.00672271
3264,93.75,0.18497
3265,87.5,0.326481
3266,93.75,0.209203
3267,100,0.0140609
3268,100,0.0515399
3269,93.75,0.0743116
3270,100,0.0345283
3271,93.75,0.290907
3272,93.75,0.271155
3273,100,0.0237295
3274,100,0.0107303
3275,81.25,0.28298
3276,100,0.0147416
3277,93.75,0.291082
3278,93.75,0.0891396
3279,93.75,0.148337
3280,93.75,0.100947
3281,100,0.0290393
3282,100,0.0462356
3283,100,0.0218547
3284,100,0.037438
3285,93.75,0.0891511
3286,100,0.0133645
3287,100,0.0092596
3288,100,0.00231688
3289,100,0.0286924
3290,100,0.00720264
3291,100,0.0271581
3292,87.5,0.182235
3293,93.75,0.267925
3294,100,0.0401529
3295,87.5,0.388975
3296,93.75,0.172987
3297,93.75,0.259145
3298,100,0.00848698
3299,100,0.034998
3300,100,0.00708516
3301,87.5,0.419458
3302,93.75,0.134065
3303,100,0.0544775
3304,87.5,0.428299
3305,100,0.0330144
3306,93.75,0.181551
3307,93.75,0.30056
3308,93.75,0.227805
3309,87.5,0.495049
3310,93.75,0.306492
3311,81.25,0.634652
3312,87.5,0.361507
3313,100,0.023185
3314,93.75,0.120648
3315,100,0.0686004
3316,87.5,0.167465
3317,93.75,0.0885817
3318,100,0.00360897
3319,100,0.0228407
3320,100,0.0970556
3321,100,0.0506876
3322,93.75,0.210159
3323,81.25,0.416407
3324,93.75,0.231131
3325,100,0.0629958
3326,100,0.00454485
3327,93.75,0.347583
3328,100,0.0277175
3329,100,0.0376383
3330,100,0.0147317
3331,100,0.0349225
3332,100,0.00501773
3333,100,0.0477815
3334,100,0.00341824
3335,100,0.00653426
3336,100,0.0361597
3337,100,0.0313599
3338,100,0.0836933
3339,100,0.00105198
3340,100,0.00697685
3341,100,0.00757135
3342,93.75,0.180589
3343,87.5,0.343006
3344,100,0.0599032
3345,93.75,0.336149
3346,100,0.0151686
3347,93.75,0.228941
3348,87.5,0.135929
3349,87.5,0.289115
3350,100,0.00889952
3351,93.75,0.18088
3352,93.75,0.0629794
3353,87.5,0.4403
3354,100,0.0212821
3355,100,0.0356816
3356,87.5,0.366737
3357,100,0.0163464
3358,100,0.00817596
3359,93.75,0.172114
3360,100,0.00773161
3361,100,0.0556238
3362,100,0.031503
3363,93.75,0.305284
3364,100,0.0129028
3365,93.75,0.0794269
3366,87.5,0.301716
3367,100,0.0677823
3368,93.75,0.290386
3369,100,0.0789544
3370,93.75,0.227019
3371,100,0.00814696
3372,100,0.011227
3373,100,0.0625549
3374,87.5,0.324807
3375,93.75,0.317092
3376,93.75,0.167339
3377,100,0.0178306
3378,93.75,0.138082
3379,100,0.0286126
3380,100,0.0342002
3381,100,0.0210316
3382,93.75,0.0935852
3383,100,0.00992135
3384,100,0.0115587
3385,100,0.00285283
3386,100,0.0211224
3387,93.75,0.173225
3388,93.75,0.247947
3389,100,0.00338004
3390,100,0.0191647
3391,100,0.0806283
3392,93.75,0.166134
3393,100,0.0472476
3394,93.75,0.243663
3395,93.75,0.135292
3396,100,0.0406657
3397,100,0.0104277
3398,100,0.00641529
3399,87.5,0.232907
3400,100,0.0340041
3401,93.75,0.105894
3402,100,0.0316649
3403,100,0.0135193
3404,87.5,0.146396
3405,100,0.0136193
3406,93.75,0.199778
3407,93.75,0.348952
3408,100,0.0177832
3409,93.75,0.16889
3410,100,0.0672972
3411,100,0.00439381
3412,93.75,0.166974
3413,100,0.0129536
3414,93.75,0.0943997
3415,100,0.0258198
3416,100,0.00441735
3417,100,0.0624606
3418,100,0.0314411
3419,100,0.0824
3420,100,0.0287741
3421,100,0.00646704
3422,100,0.0203683
3423,87.5,0.21759
3424,93.75,0.300411
3425,100,0.0111621
3426,100,0.0335832
3427,100,0.000914659
3428,93.75,0.0730044
3429,93.75,0.290636
3430,100,0.122062
3431,87.5,0.267202
3432,100,0.0346905
3433,93.75,0.133651
3434,100,0.126221
3435,87.5,0.232195
3436,93.75,0.129589
3437,100,0.0172963
3438,100,0.0973077
3439,100,0.014479
3440,93.75,0.125599
3441,100,0.0417214
3442,87.5,0.209754
3443,93.75,0.0663655
3444,93.75,0.0621153
3445,100,0.0288692
3446,100,0.0152234
3447,100,0.000854661
3448,100,0.00402573
3449,93.75,0.533705
3450,87.5,0.307477
3451,93.75,0.19182
3452,100,0.0111274
3453,87.5,0.23756
3454,100,0.0103588
3455,100,0.0902512
3456,87.5,0.259816
3457,93.75,0.212717
3458,100,0.0393848
3459,87.5,0.563186
3460,100,0.0270621
3461,100,0.0130033
3462,100,0.00825675
3463,100,0.045241
3464,100,0.00698209
3465,87.5,0.318021
3466,100,0.0277151
3467,93.75,0.0915264
3468,93.75,0.0560996
3469,93.75,0.0984718
3470,87.5,0.664245
3471,100,0.00581861
3472,100,0.0202018
3473,100,0.0015897
3474,100,0.00764351
3475,100,0.0496894
3476,87.5,0.299046
3477,100,0.0132263
3478,100,0.0244332
3479,87.5,0.202457
3480,100,0.0388342
3481,100,0.0118951
3482,100,0.0115476
3483,100,0.00691763
3484,81.25,0.636391
3485,100,0.01417
3486,100,0.0734515
3487,100,0.00571451
3488,87.5,0.253026
3489,100,0.0237339
3490,93.75,0.0763607
3491,100,0.0194323
3492,93.75,0.106927
3493,93.75,0.190186
3494,93.75,0.0863051
3495,93.75,0.385526
3496,100,0.0265341
3497,100,0.0154916
3498,93.75,0.0952662
3499,100,0.0327483
3500,100,0.0178055
3501,81.25,0.344677
3502,100,0.00532154
3503,100,0.0310995
3504,93.75,0.0829178
3505,93.75,0.238558
3506,93.75,0.117602
3507,100,0.0503591
3508,100,0.00967797
3509,100,0.0489118
3510,87.5,0.162878
3511,100,0.0644084
3512,100,0.0575365
3513,100,0.0130844
3514,87.5,0.330994
3515,93.75,0.366965
3516,100,0.0116023
3517,100,0.0355246
3518,93.75,0.0896172
3519,93.75,0.203425
3520,100,0.0480392
3521,100,0.0342744
3522,100,0.0390712
3523,100,0.011784
3524,100,0.0826535
3525,93.75,0.246884
3526,93.75,0.264454
3527,100,0.00164202
3528,100,0.00522796
3529,100,0.0713732
3530,93.75,0.320033
3531,93.75,0.297014
3532,100,0.00944376
3533,100,0.0329647
3534,100,0.00259692
3535,100,0.00109454
3536,100,0.0113251
3537,100,0.14091
3538,93.75,0.106695
3539,93.75,0.0840275
3540,100,0.00765124
3541,93.75,0.190511
3542,100,0.0393865
3543,93.75,0.150472
3544,100,0.00971035
3545,87.5,0.287948
3546,100,0.0132172
3547,93.75,0.132465
3548,100,0.0217869
3549,93.75,0.0898406
3550,100,0.00697081
3551,93.75,0.0922283
3552,100,0.0262005
3553,93.75,0.232202
3554,100,0.00267866
3555,100,0.0228169
3556,93.75,0.174001
3557,100,0.00068068
3558,100,0.0432359
3559,100,0.00304196
3560,100,0.00292683
3561,93.75,0.0575539
3562,100,0.0115092
3563,93.75,0.14336
3564,93.75,0.179956
3565,100,0.00713591
3566,87.5,0.37167
3567,100,0.0240798
3568,93.75,0.167848
3569,100,0.020968
3570,100,0.00458671
3571,100,0.00283413
3572,100,0.00196518
3573,100,0.015599
3574,100,0.0218259
3575,100,0.0724098
3576,100,0.0402262
3577,100,0.0680801
3578,100,0.0198243
3579,93.75,0.189852
3580,87.5,0.140131
3581,100,0.0466877
3582,81.25,0.384572
3583,93.75,0.116926
3584,93.75,0.134661
3585,100,0.0229931
3586,100,0.0102657
3587,100,0.0559081
3588,100,0.025011
3589,93.75,0.0728098
3590,100,0.0121043
3591,100,0.015796
3592,100,0.0501493
3593,93.75,0.380861
3594,100,0.00714765
3595,93.75,0.164828
3596,100,0.0105095
3597,100,0.00534139
3598,100,0.0426942
3599,100,0.0194224
3600,100,0.0578251
3601,100,0.00243374
3602,81.25,0.285638
3603,100,0.0280792
3604,87.5,0.240257
3605,100,0.041315
3606,93.75,0.256821
3607,100,0.0376454
3608,93.75,0.153531
3609,93.75,0.197598
3610,100,0.00831948
3611,93.75,0.198704
3612,100,0.0232282
3613,100,0.0405357
3614,93.75,0.150347
3615,93.75,0.0908311
3616,100,0.0087806
3617,100,0.0234708
3618,93.75,0.0954575
3619,100,0.0345424
3620,100,0.00965567
3621,100,0.00270645
3622,100,0.0243561
3623,100,0.0168405
3624,87.5,0.30086
3625,100,0.0111648
3626,100,0.0159294
3627,93.75,0.049951
3628,93.75,0.0896171
3629,93.75,0.12676
3630,93.75,0.121833
3631,93.75,0.0586478
3632,100,0.0517709
3633,100,0.00438107
3634,100,0.0160915
3635,100,0.0168058
3636,100,0.000121588
3637,100,0.0120954
3638,100,0.000102507
3639,100,0.000753745
3640,93.75,0.199112
3641,100,0.0319533
3642,93.75,0.0610003
3643,100,0.0927543
3644,100,0.00380986
3645,100,0.00256059
3646,100,0.00423953
3647,93.75,0.101633
3648,100,0.00132969
3649,100,0.00824219
3650,93.75,0.150131
3651,100,0.00658074
3652,100,0.040638
3653,100,0.0487226
3654,100,0.0020046
3655,93.75,0.129723
3656,100,0.0174869
3657,100,0.0134945
3658,100,0.022884
3659,100,0.00552077
3660,93.75,0.0764884
3661,93.75,0.264024
3662,100,0.00665002
3663,93.75,0.0724368
3664,100,0.00225923
3665,100,0.00288022
3666,87.5,0.267025
3667,100,0.0445266
3668,100,0.00246647
3669,100,0.0025149
3670,100,0.000968183
3671,100,0.00195033
3672,100,0.00110353
3673,100,0.0109369
3674,100,0.0162569
3675,100,0.00615771
3676,100,0.0605397
3677,100,0.0435026
3678,93.75,0.396457
3679,100,0.00480811
3680,93.75,0.370797
3681,93.75,0.108926
3682,100,0.00355617
3683,100,0.00806471
3684,100,0.000524081
3685,100,0.000655423
3686,100,0.00646455
3687,100,0.00374784
3688,100,0.0182948
3689,100,0.00204512
3690,100,0.011052
3691,100,0.00775836
3692,100,0.0306669
3693,100,0.0153859
3694,100,0.000587081
3695,100,0.00259222
3696,100,0.0182364
3697,100,0.00140637
3698,100,0.00867814
3699,100,0.000944679
3700,100,0.0089652
3701,93.75,0.0559621
3702,100,0.00479003
3703,100,0.00449942
3704,100,0.0108096
3705,100,0.00241334
3706,81.25,0.492198
3707,81.25,0.304191
3708,93.75,0.13902
3709,100,0.0665098
3710,93.75,0.308547
3711,87.5,0.372742
3712,93.75,0.0988651
3713,100,0.0242762
3714,100,0.0397379
3715,100,0.0240008
3716,100,0.0294781
3717,100,0.017177
3718,100,0.0261422
3719,100,0.00280498
3720,100,0.000759664
3721,100,0.0115266
3722,100,0.00234084
3723,100,0.0294938
3724,100,0.00155975
3725,100,0.00166746
3726,100,0.0409782
3727,100,0.00389047
3728,93.75,0.0993587
3729,93.75,0.307802
3730,100,0.00821964
3731,100,0.0292536
3732,93.75,0.343399
3733,75,1.29776
3734,87.5,0.569667
3735,87.5,0.330863
3736,100,0.00389427
3737,100,0.0163756
3738,100,0.0328605
3739,100,0.011766
3740,93.75,0.150359
3741,100,0.0205249
3742,100,0.000455408
3743,100,0.0019245
3744,100,0.000352855
3745,87.5,1.17506
3746,93.75,0.0948459
3747,93.75,0.155489
3748,100,0.00744164
3749,100,0.00710289
3750,100,0.00202401
